{"cameraMode":{"drawMode":0,"name":"Shaded","section":"Shading Mode"},"sceneLighting":true,"audioPlay":false,"sceneViewState":{"m_AlwaysRefresh":false,"showFog":true,"showSkybox":true,"showFlares":true,"showImageEffects":true,"showParticleSystems":true,"showVisualEffectGraphs":true,"m_FxEnabled":true},"in2DMode":false,"pivot":{"x":-0.18619251251220704,"y":0.23739361763000489,"z":0.029075145721435548},"rotation":{"x":-0.08306139707565308,"y":0.8989646434783936,"z":-0.19472020864486695,"w":-0.38347047567367556},"size":3.981689691543579,"orthographic":false}