{"cameraMode":{"drawMode":0,"name":"Shaded","section":"Shading Mode"},"sceneLighting":true,"audioPlay":false,"sceneViewState":{"m_AlwaysRefresh":false,"showFog":true,"showSkybox":true,"showFlares":true,"showImageEffects":true,"showParticleSystems":true,"showVisualEffectGraphs":true,"m_FxEnabled":true},"in2DMode":false,"pivot":{"x":10.258071899414063,"y":8.917684555053711,"z":10.280439376831055},"rotation":{"x":-0.15753036737442017,"y":0.25516271591186526,"z":-0.04217582941055298,"w":-0.9530494213104248},"size":12.124356269836426,"orthographic":false}