{"cameraMode":{"drawMode":0,"name":"Shaded","section":"Shading Mode"},"sceneLighting":true,"audioPlay":false,"sceneViewState":{"m_AlwaysRefresh":false,"showFog":true,"showSkybox":true,"showFlares":true,"showImageEffects":true,"showParticleSystems":true,"showVisualEffectGraphs":true,"m_FxEnabled":true},"in2DMode":false,"pivot":{"x":0.017655372619628907,"y":-0.3498039245605469,"z":0.1012868881225586},"rotation":{"x":-0.1080976128578186,"y":0.885981559753418,"z":-0.25986915826797488,"w":-0.36854347586631777},"size":8.578569412231446,"orthographic":false}