{"cameraMode":{"drawMode":0,"name":"Shaded","section":"Shading Mode"},"sceneLighting":true,"audioPlay":false,"sceneViewState":{"m_AlwaysRefresh":false,"showFog":true,"showSkybox":true,"showFlares":true,"showImageEffects":true,"showParticleSystems":true,"showVisualEffectGraphs":true,"m_FxEnabled":true},"in2DMode":false,"pivot":{"x":7.533803939819336,"y":3.8636865615844728,"z":-0.022983074188232423},"rotation":{"x":-0.2393498420715332,"y":0.15274596214294434,"z":-0.03815897926688194,"w":-0.9580874443054199},"size":8.383296966552735,"orthographic":false}